{
	"title": "Duis aute irure dolor in reprehenderit in voluptate",
	"picture": "img/news/img01.jpg",
	"content": "<p>Phasellus dignissim vestibulum nisi, vel efficitur erat congue condimentum. Aenean mollis bibendum tempus. Quisque non auctor mauris. Aliquam fringilla dolor ut ex euismod, in consectetur nulla cursus. Sed facilisis nisi a neque hendrerit, eget elementum lacus bibendum. Donec nunc est, laoreet sed varius a, sagittis vel elit. Cras nunc odio, convallis id odio ut, pretium fermentum ex. Vestibulum in eros id felis commodo venenatis. Vestibulum sit amet arcu vulputate, semper massa ac, laoreet mauris.</p><p>Quisque vitae sagittis purus, at ullamcorper velit. Nunc et sapien ac dui dignissim rhoncus eu a tortor. Phasellus eleifend enim sed erat auctor euismod. Aliquam ac sagittis lorem, quis imperdiet dui. Donec ac ipsum fermentum, maximus lorem vitae, feugiat sapien. Phasellus sed molestie mauris, non interdum purus. Maecenas felis eros, fermentum ac est in, feugiat ultricies lectus. Duis eleifend ipsum ut bibendum feugiat. Praesent convallis, sem id suscipit consectetur, eros massa laoreet ante, in interdum nisi ante et arcu. Phasellus eget eros ullamcorper, bibendum turpis et, sollicitudin nunc. Ut gravida, purus nec gravida imperdiet, neque libero ultrices ante, aliquet molestie quam libero aliquet massa. Mauris hendrerit fringilla porttitor.</p><p>Quisque tincidunt interdum gravida. Cras finibus dapibus commodo. Duis tincidunt felis nulla, vitae aliquam diam suscipit ac. Donec dapibus turpis a ligula dapibus bibendum. Donec suscipit mi quis sollicitudin rutrum. Suspendisse quis orci eu leo convallis placerat sit amet vitae nisi. Nulla in magna vitae libero varius aliquam. Aliquam erat volutpat. Cras a accumsan quam. Donec tempor venenatis justo ac vestibulum. Phasellus dapibus commodo ipsum, eget ullamcorper metus efficitur a.</p>",
	"date": "August 10, 2017",
	"author": "John Doe",
	"category": "Nature"
}